slug,company,cluster
algami-roofing,Algami Roofing,
central-roofing,Central Roofing Company,
dominguez-roofing,Dominguez Roofing,
excelsior-roofing,Excelsior Roofing Co.,
grand-roofing,Grand Roofing Inc.,
hernandez-roofing,Hernandez Roofing,
jrg-roofing,JRG Roofing,
kadosh-roofing,Kadosh Roofing,
lawson-roofing,Lawson Roofing Co.,
mike-mccurdy-roofing,Mike McCurdy Roofing,
pioneer-contractors,Pioneer Contractors,
redwood-roofing,Redwood Roofing Co.,
sf-pro-roofing,SF Pro Roofing,
s-top-roofing,S'TOP Roofing,
standard-roofing,Standard Roofing Company,
sun-roofing,Sun Roofing & Construction,
royal-roofing-ca,Royal Roofing CA,
sf-a1-roofing,San Francisco A-1 Roofing,
anderson-roofing,Anderson Roofing & Sheet Metal,
glam-construction,Glam Construction,
mr-roofing,Mr. Roofing,
rainbow-waterproofing,Rainbow Waterproofing & Restoration,
roof-express,Roof Express,
sf-crown-roofing,SF Crown Roofing,
sf-roofing-services,SF Roofing Services,
